text,audio
a,pron_86f7e437fa.mp3
A a,pron_1e50f47449.mp3
Aa,pron_e0c9035898.mp3
am,pron_96e8155732.mp3
And,pron_cffa50a32c.mp3
And you?,pron_3c09f335c4.mp3
b,pron_e9d71f5ee7.mp3
B b,pron_742511abc0.mp3
Bad,pron_1902e3d6fc.mp3
bag,pron_9b4e473e4d.mp3
Baggage claim,pron_5cc3680504.mp3
Bathroom,pron_72bfb05496.mp3
Battery,pron_3f3c58ae42.mp3
Bb,pron_9a900f5389.mp3
Beautiful,pron_6393bcdfe3.mp3
bed,pron_fefe2393a7.mp3
Big,pron_95c4bea12e.mp3
Bitter,pron_23fda791fa.mp3
Boarding now,pron_88ae9fc022.mp3
Boarding pass,pron_a3cfd09d8a.mp3
"Boarding pass, Please",pron_bc119e4f84.mp3
box,pron_c7d8a6d722.mp3
Breakfast,pron_9e3a822547.mp3
Broken,pron_0b8a1caec2.mp3
Bus,pron_32c70cebf1.mp3
c,pron_84a516841b.mp3
C c,pron_900aa83f6b.mp3
Call an ambulance,pron_104c14dc84.mp3
Can you help me?,pron_aaad748bbd.mp3
cap,pron_ac4be5ac63.mp3
Card,pron_2ab0591dbc.mp3
Cash,pron_a34c860a99.mp3
cat,pron_9d989e8d27.mp3
Caution,pron_5f2222812f.mp3
Cc,pron_bdb480de65.mp3
ch,pron_482bd64c6c.mp3
Change,pron_7550b672e1.mp3
Charger,pron_e2faa9211e.mp3
Cheap,pron_fb8df41a16.mp3
Check-in,pron_94c0fbc3a9.mp3
Check-out,pron_4142bde32a.mp3
chin,pron_44613ba4f9.mp3
chip,pron_c6b6df0a9e.mp3
choice,pron_630af549b6.mp3
ck,pron_c8c2ca9fed.mp3
Closed,pron_ea88fbaa99.mp3
Cold,pron_424fa43965.mp3
Congratulations,pron_bada59fe6d.mp3
Connect each English number word with its proper Persian translation.,pron_3c419f792d.mp3
Connect each English phrase on the left with its accurate meaning in Persian on the right.,pron_d0ba2f9127.mp3
Connect each English phrase or word with its accurate Persian translation to show you understand the meaning.,pron_ac99448a3f.mp3
"Connect the English directional or temporal phrases, such as 'Straight ahead' and 'Tomorrow,' with their corresponding meanings in Persian.",pron_a2a9a06efb.mp3
cup,pron_ad00c690d6.mp3
Customs,pron_adee35375a.mp3
d,pron_3c363836cf.mp3
D d,pron_d39edce77a.mp3
dad,pron_0da19b540f.mp3
Dd,pron_388ad1c312.mp3
Delayed,pron_128df232b9.mp3
Delicious,pron_7ab9d1883a.mp3
dip,pron_6b665e89f2.mp3
Discount,pron_c467ca0fa2.mp3
Doctor,pron_1f0160076c.mp3
dog,pron_e49512524f.mp3
Drink,pron_7ca7a4abcc.mp3
duck,pron_5ece240085.mp3
e,pron_58e6b3a414.mp3
E e,pron_ed3cc73a78.mp3
Eat,pron_d89455758e.mp3
Ee,pron_1f444844b1.mp3
Eight,pron_d479fa0ef9.mp3
Eighty,pron_20cec707d8.mp3
Eleven,pron_cc5a0c5067.mp3
Entrance,pron_df33994d15.mp3
Excuse,pron_8fb2c3ed10.mp3
Excuse me,pron_25018d8342.mp3
"Excuse me, I'm lost",pron_c98085ae93.mp3
Exit,pron_de3ac21778.mp3
f,pron_4a0a19218e.mp3
F f,pron_398d79fad9.mp3
fan,pron_2899441143.mp3
Ff,pron_ed70c57d75.mp3
Fifteen,pron_5cf896e678.mp3
Fifty,pron_1f7a7912b3.mp3
fine,pron_2a1b875b84.mp3
Fire,pron_1da8402449.mp3
fish,pron_64875fccca.mp3
Five,pron_4db2c1df46.mp3
Forty,pron_88ddff0da7.mp3
Four,pron_9f8f7eec5d.mp3
from,pron_0b1e95cfd9.mp3
g,pron_54fd171120.mp3
G g,pron_6904bb1a27.mp3
Gate,pron_3c5b492776.mp3
Gg,pron_f3226f91f7.mp3
Go,pron_1ec558a60b.mp3
Good,pron_fc19318dd1.mp3
Good morning,pron_a8cbec7254.mp3
Goodbye,pron_3c8ec48744.mp3
Goodbye. Take care.,pron_a8eebd368b.mp3
h,pron_27d5482eeb.mp3
H h,pron_29b08eb9ce.mp3
half past,pron_dfc2d13bd4.mp3
hat,pron_10e5866050.mp3
Hello,pron_aaf4c61ddc.mp3
Help,pron_92005ecf37.mp3
hen,pron_d811086176.mp3
Hh,pron_d3fc13dc12.mp3
Hot,pron_4bd8eddacb.mp3
How are you?,pron_4bfe46a79d.mp3
How are you? I'm fine,pron_6e68a3ff8b.mp3
How much is,pron_6607bb0552.mp3
How much is This?,pron_30cdbbf372.mp3
hug,pron_f11fb55ced.mp3
Hundred,pron_e9b039adef.mp3
I,pron_042dc4512f.mp3
I agree,pron_a9f4c1627c.mp3
I am.,pron_b9778453e9.mp3
I am from.,pron_0656f8c1de.mp3
I am from Iran,pron_90d305fadc.mp3
I am from Tehran,pron_588bfbf4d6.mp3
I am staying in Shiraz,pron_23d2c861f4.mp3
I am staying in Tehran,pron_a431cf4803.mp3
I can,pron_dfdad7a47e.mp3
I can Go.,pron_147bb9a088.mp3
I can Help,pron_ba4eaac689.mp3
I can't,pron_5e394e2483.mp3
I can't Understand,pron_ace7d5b63a.mp3
I disagree,pron_a9ee5955c0.mp3
I don't like,pron_924766734b.mp3
I don't like This,pron_57c3d8730b.mp3
I don't understand,pron_6e954c4932.mp3
I don't understand. Slower please.,pron_77cd6bf443.mp3
I have,pron_48d05aefa0.mp3
I have a Card,pron_72394a40ce.mp3
I have a Reservation,pron_f08ddbe867.mp3
I have Cash,pron_1d29829295.mp3
I i,pron_0a5c12bdd9.mp3
I like,pron_08a30893e4.mp3
I like This,pron_db239809c9.mp3
I need,pron_f3b7141b4d.mp3
I need a Charger,pron_0739e3da46.mp3
I need a Doctor,pron_89494d3abe.mp3
I need a Taxi,pron_383036d459.mp3
I need a Ticket.,pron_be4ece4b52.mp3
I need a Train.,pron_34aaef1d9c.mp3
I want,pron_7204fea453.mp3
I want a Discount,pron_06a5fffbf1.mp3
I want a Room,pron_bef30ee0d0.mp3
I want a SIM card,pron_fd72ed2279.mp3
I want Breakfast.,pron_72d2856956.mp3
I want Water.,pron_daf794d7e4.mp3
I'll have,pron_77a47c6198.mp3
I'll have Water.,pron_4bb4ce2645.mp3
I'm,pron_5c7afd6815.mp3
I'm allergic to,pron_3600f1211c.mp3
I'm busy,pron_694d1bdd88.mp3
I'm fine,pron_c42b30fc32.mp3
I'm fine. And you?,pron_6b893b8720.mp3
I'm free,pron_6a8bf6f814.mp3
I'm from,pron_50c3f2a136.mp3
I'm from Shiraz.,pron_16f32d6452.mp3
I'm good,pron_01283e1b73.mp3
I'm hungry,pron_442f5ff9f0.mp3
I'm hungry. Where is the menu?,pron_37bf9b0a71.mp3
I'm looking for,pron_e3bc35aa48.mp3
I'm looking for This address,pron_8270c8bb91.mp3
I'm lost,pron_e3e9a9e4fc.mp3
I'm lost. Can you help me?,pron_b0fbee9333.mp3
I'm sick,pron_f33a0a2dd0.mp3
I'm sick. I need a Doctor.,pron_81af4704cc.mp3
I'm staying in,pron_21b177bcba.mp3
I'm staying in a hotel.,pron_b94546661b.mp3
I'm thirsty,pron_21423f9213.mp3
I'm thirsty. I want Water.,pron_e2cc6ce60b.mp3
I'm tired,pron_5bbcbcaa21.mp3
Ii,pron_3918373cf5.mp3
in,pron_af10ef20dd.mp3
is,pron_b47f363e2b.mp3
Is it far?,pron_c59b0e541b.mp3
It hurts,pron_2b26da551f.mp3
It's,pron_79bbc535e9.mp3
It's Eight Thirty,pron_5ff22fef08.mp3
It's Five Fifty,pron_8b233dab2a.mp3
It's Four Forty,pron_aa27a5a36d.mp3
It's half past One,pron_bc8e591bb2.mp3
It's One o'clock,pron_639d658de4.mp3
It's quarter past Three,pron_346b4c7234.mp3
It's quarter to Two,pron_6a4907b8f6.mp3
It's Seven Twenty,pron_65f2edbfcd.mp3
It's Two Fifteen,pron_ec634a7c8d.mp3
j,pron_5c2dd944dd.mp3
J j,pron_db8851fbde.mp3
jam,pron_da3dd5c265.mp3
jet,pron_2f659ba674.mp3
Jj,pron_7323a5431d.mp3
Just connect each English number word with its proper Persian translation.,pron_24b1534edf.mp3
k,pron_13fbd79c3d.mp3
K k,pron_28451667e9.mp3
Keep in touch,pron_f78d453b82.mp3
Key,pron_a62f2225bf.mp3
"Key, Please",pron_fb094ebe47.mp3
kid,pron_3f158d4cc7.mp3
Kk,pron_2ed45186c7.mp3
l,pron_07c342be6e.mp3
L l,pron_aea1ae9e70.mp3
leg,pron_321d6cc517.mp3
Let's meet,pron_1bcc346250.mp3
Let's meet. What time works?,pron_0ecf3d78b4.mp3
"Listen carefully to the audio and practice saying the full sentence, paying attention to how 'This' is pronounced in context.",pron_b3c0983402.mp3
Ll,pron_110c8a30c1.mp3
m,pron_6b0d31c0d5.mp3
M m,pron_d9225e2b3c.mp3
man,pron_8175e3c875.mp3
map,pron_37745ed7a0.mp3
me,pron_b1c1d8736f.mp3
men,pron_6711b9ebf5.mp3
Menu,pron_252a25667d.mp3
"Menu, Please",pron_6d38cc0fa6.mp3
Mm,pron_b8d09b4d85.mp3
morning,pron_45a21e4b5b.mp3
My,pron_3ece1471f4.mp3
My email is,pron_a18393b8a9.mp3
My email is This.,pron_5bfb48a033.mp3
My name.,pron_c1f49c5a67.mp3
My name is.,pron_e02749ae14.mp3
My name is Ali,pron_5302878fc5.mp3
My name is Sara,pron_830220067e.mp3
My phone number,pron_9a1d698065.mp3
n,pron_d1854cae89.mp3
N n,pron_cfd9bf4d37.mp3
name,pron_6ae999552a.mp3
ng,pron_7d65c4e24b.mp3
Nice to meet you,pron_a2a75a27ba.mp3
Nice weather,pron_b3c4b56aae.mp3
Nine,pron_b4ddce182e.mp3
Ninety,pron_fd3575d2ba.mp3
Nn,pron_07962e32be.mp3
No,pron_fd12863535.mp3
No problem,pron_7bf7ca17c6.mp3
No signal,pron_18c8509f0f.mp3
o,pron_7a81af3e59.mp3
O o,pron_3275f77713.mp3
o'clock,pron_22286fa349.mp3
One,pron_fe05bcdcdc.mp3
Oo,pron_0343bb07c9.mp3
Open,pron_5fc7e38bff.mp3
order,pron_cce55e4309.mp3
p,pron_516b9783fc.mp3
P p,pron_5b786de053.mp3
pan,pron_bd2bd8216b.mp3
Passport,pron_a3404013c7.mp3
"Passport, Please",pron_c662e9706a.mp3
pat,pron_7ffe1ba40f.mp3
pen,pron_31a841af7b.mp3
Pharmacy,pron_adfa59cc50.mp3
pig,pron_2cd4ba9308.mp3
pin,pron_d145a2a905.mp3
Please,pron_cae355b615.mp3
Police,pron_ee848a3b5b.mp3
pot,pron_cb79bd0ce2.mp3
Pp,pron_6d3236ec3c.mp3
Practice saying this word out loud to improve your pronunciation and speaking fluency.,pron_75484dd996.mp3
Q,pron_22ea1c649c.mp3
Qq,pron_bed4eb698c.mp3
qu,pron_f4dd46b081.mp3
quarter past,pron_90892dca17.mp3
quarter to,pron_ec644f7b02.mp3
quiz,pron_d501d3ec02.mp3
r,pron_4dc7c9ec43.mp3
R r,pron_8269201204.mp3
Receipt,pron_14e60ace3d.mp3
red,pron_78988010b8.mp3
Repeat please,pron_4ff3c24cab.mp3
Reservation,pron_bcf112ef01.mp3
ring,pron_5c7d283db5.mp3
Room,pron_27a5a05c01.mp3
Rr,pron_843cbacc61.mp3
rug,pron_0602f910be.mp3
run,pron_df6ad19037.mp3
s,pron_a0f1490a20.mp3
S s,pron_f158a7cbcd.mp3
sad,pron_b491460011.mp3
Salty,pron_31c31e4d92.mp3
sand,pron_42625bfece.mp3
sap,pron_f4603bd4ae.mp3
Sara.,pron_dea04453c2.mp3
sat,pron_c55de0f599.mp3
Say the word out loud to practice how it sounds in English.,pron_86ff592c54.mp3
See,pron_3d637fc604.mp3
See you later,pron_b522739f51.mp3
select,pron_81448fe273.mp3
Seven,pron_a00bbe560e.mp3
Seventy,pron_bb0c0c867f.mp3
sh,pron_16795633e2.mp3
ship,pron_ed43a8a09e.mp3
shop,pron_5042d14666.mp3
SIM card,pron_a4a3daf975.mp3
sing,pron_f9bef9c232.mp3
sit,pron_abdcde66d6.mp3
Six,pron_bec9703f7a.mp3
Sixty,pron_387f1fe4b7.mp3
Slower please,pron_5001a49c9a.mp3
Small,pron_89f6229a11.mp3
sock,pron_18c9667c29.mp3
Sorry,pron_dd7b1d0288.mp3
Sorry. No problem.,pron_0f68094fe7.mp3
Sour,pron_000b4b94cb.mp3
Spicy,pron_680c1e02bc.mp3
Ss,pron_c1c93f88d2.mp3
staying,pron_fc6743ea94.mp3
Straight ahead,pron_3bf67479c6.mp3
Suitcase,pron_b6d1984829.mp3
sun,pron_22fa6121da.mp3
Sweet,pron_457774c6f0.mp3
t,pron_8efd86fb78.mp3
T t,pron_e363de7a47.mp3
tag,pron_5e9b60f691.mp3
Take care,pron_8617fd73a9.mp3
tap,pron_25f30d353d.mp3
Taxi,pron_4d82205a20.mp3
Ten,pron_dd35624491.mp3
th,pron_fa6af6e97d.mp3
Thank,pron_c4121f6a6c.mp3
Thank you,pron_897a1c5987.mp3
Thanks for everything,pron_6d637fdf2a.mp3
Thanks for everything. Goodbye.,pron_805cc4214b.mp3
that,pron_33b8220108.mp3
The bill,pron_d8a3f27f7b.mp3
"The bill, Please",pron_c974d47766.mp3
"The question asks for the specific flavor profile, and 'bitter' describes that distinct taste often associated with certain herbs or strong drinks.",pron_460d9889da.mp3
"The subject pronoun 'I' must come first, followed by the verb 'have,' making the correct order 'I have cash.' You can't say 'Cash I have.'",pron_2a8ca05955.mp3
thin,pron_6ca0fa2674.mp3
Thirty,pron_c54450b325.mp3
This,pron_c2543fff3b.mp3
This address,pron_cea4559850.mp3
This is,pron_87fe39902c.mp3
This is Bad.,pron_84d0c4ae20.mp3
This is Beautiful,pron_3efc1d44ad.mp3
This is Big,pron_b6b438a8ac.mp3
This is Bitter,pron_7b2847ae36.mp3
This is Broken,pron_f8cff8fcef.mp3
This is Cheap,pron_fc42087d98.mp3
This is Closed.,pron_d24a9f46b9.mp3
This is Cold.,pron_82a963b4fe.mp3
This is Delayed,pron_46eec5abf2.mp3
This is Delicious,pron_81e0a19860.mp3
This is Eighty.,pron_6e80705eb5.mp3
This is Good.,pron_9e555f7f6e.mp3
This is Hot.,pron_5c92d7227c.mp3
This is Hundred.,pron_29482294e3.mp3
This is My phone number,pron_515f036a77.mp3
This is Ninety.,pron_7daae4bb73.mp3
This is Open.,pron_5c3c784df7.mp3
This is Salty,pron_b917da6dea.mp3
This is Seventy.,pron_4dad05efae.mp3
This is Sixty.,pron_3b3217d423.mp3
This is Small,pron_16c0dbc2ed.mp3
This is Sour,pron_6e535721f5.mp3
This is Spicy,pron_72d26d1687.mp3
This is Sweet,pron_15246d9e9e.mp3
This is Too big,pron_3d5c241b3c.mp3
This is Too expensive,pron_112eeb708e.mp3
This is Too small,pron_66b9dc3a0f.mp3
This is Water.,pron_a4aed032c7.mp3
"This matching exercise tests your vocabulary knowledge. Remember that 'Delicious' describes taste, while 'Change' usually relates to money.",pron_a96b88ab48.mp3
Three,pron_b802f38430.mp3
Ticket,pron_346d34a0f0.mp3
tip,pron_306a967f97.mp3
tired,pron_511e991159.mp3
Today,pron_2dd2bed725.mp3
"Today, I'm busy",pron_99bd423c40.mp3
Tomorrow,pron_2dac81d65d.mp3
"Tomorrow, I'm free",pron_0ab2352486.mp3
Tonight,pron_4ce0cba1df.mp3
Too big,pron_3b40ce56c0.mp3
Too expensive,pron_bd3ad84f6d.mp3
Too small,pron_c63e3e110e.mp3
top,pron_af2c7b4ca0.mp3
Train,pron_94efdd6f62.mp3
Try on,pron_1b3afa3534.mp3
Try repeating this phrase out loud so you get comfortable with its sound and rhythm. It’s essential for talking about travel plans.,pron_91c56bf325.mp3
Tt,pron_8c1017982b.mp3
Turn left,pron_8da88b6de9.mp3
Turn right,pron_c8845877c8.mp3
Twelve,pron_b521f9394f.mp3
Twenty,pron_fc955a19ae.mp3
Two,pron_ad782ecdac.mp3
type,pron_d0a3e7f81a.mp3
u,pron_51e69892ab.mp3
U u,pron_75b34feb17.mp3
Understand,pron_8e73840bbf.mp3
Uu,pron_6f457e97a2.mp3
v,pron_7a38d8cbd2.mp3
V v,pron_153815a09f.mp3
van,pron_efa44987b6.mp3
Vv,pron_4cf9977354.mp3
w,pron_aff024fe4a.mp3
W w,pron_202b303291.mp3
Water,pron_6d5a45920a.mp3
web,pron_ca84d1343b.mp3
welcome,pron_c0b137fe2d.mp3
wet,pron_c8e275e6d1.mp3
What,pron_a110e6b9a3.mp3
What is your name?,pron_657089beb5.mp3
What time is it?,pron_a1fcd16f26.mp3
What time works?,pron_5f140a709d.mp3
Where is the,pron_818ef9f838.mp3
Where is the Baggage claim?,pron_73d18dd6b2.mp3
Where is the Bathroom?,pron_c107970ac6.mp3
Where is the Bus?,pron_76ab6281c0.mp3
Where is the Check-in?,pron_b7545cd281.mp3
Where is the Customs?,pron_eee6943dcf.mp3
Where is the Exit?,pron_ee55bc8586.mp3
Where is the Gate?,pron_8dbccb3a86.mp3
Where is the Pharmacy?,pron_4174464d1d.mp3
Where is the Suitcase?,pron_5c8e38086b.mp3
Wifi password,pron_f25c82d198.mp3
"Wifi password, Please",pron_508597bc2d.mp3
Ww,pron_1c4f0c6eb8.mp3
x,pron_11f6ad8ec5.mp3
X x,pron_4edce84f80.mp3
Xx,pron_dd7b7b74ea.mp3
y,pron_95cb0bfd29.mp3
Y y,pron_9dc0a0970a.mp3
Yes,pron_fb360f9c09.mp3
Yesterday,pron_1aa96b8f44.mp3
you?,pron_8af56de682.mp3
"You are simply matching common English phrases with their accurate Persian translations, confirming your understanding of basic vocabulary pairings.",pron_7152df4f3c.mp3
You just need to match the English phrases on the left side to their accurate Persian translations on the right.,pron_3589cb7412.mp3
You need to match the English phrases like 'Check-in' or 'I'm hungry' with their accurate Persian translations to correctly pair them.,pron_5f74f6731d.mp3
"You need to match these common English travel phrases with their correct Persian meanings. For example, 'The bill' refers to what you pay at the end of a meal.",pron_509158352a.mp3
You need to pair up these common English phrases with their accurate Persian translations so you know how to ask them in conversation.,pron_7fc06262e0.mp3
You're,pron_26f9f86e36.mp3
You're welcome,pron_d1b38a2813.mp3
your,pron_4dc73741b9.mp3
Yy,pron_b2a801fc1f.mp3
z,pron_395df8f7c5.mp3
Z z,pron_c4a16c353b.mp3
zip,pron_f13e27693c.mp3
Zz,pron_d7dacae2c9.mp3
