audio,text
course_2001.wav,Hello
course_2002.wav,Good morning
course_2003.wav,How are you?
course_2004.wav,I'm fine
course_2005.wav,I'm good
course_2006.wav,I'm tired
course_2007.wav,And you?
course_2008.wav,Please
course_2009.wav,Thank you
course_2010.wav,You're welcome
course_2011.wav,Yes
course_2012.wav,No
course_2013.wav,Excuse me
course_2014.wav,Sorry
course_2015.wav,Goodbye
snd_s.wav,[s](/sss/)
snd_a.wav,[a](/æ/)
snd_t.wav,[t](/tə/)
snd_p.wav,[p](/pə/)
snd_i.wav,[i](/ɪ/)
snd_n.wav,[n](/nnn/)
snd_m.wav,[m](/mmm/)
snd_d.wav,[d](/də/)
snd_g.wav,[g](/ɡə/)
snd_o.wav,[o](/ɑ/)
snd_c.wav,[c](/kə/)
snd_k.wav,[k](/kə/)
snd_e.wav,[e](/ɛ/)
snd_u.wav,[u](/ʌ/)
snd_r.wav,[r](/ɹɹ/)
snd_ck.wav,[ck](/kə/)
snd_h.wav,[h](/hə/)
snd_b.wav,[b](/bə/)
snd_f.wav,[f](/fff/)
snd_l.wav,[l](/lll/)
snd_sh.wav,[sh](/ʃʃʃ/)
snd_ch.wav,[ch](/tʃə/)
snd_th.wav,[th](/θθθ/)
snd_ng.wav,[ng](/ŋŋ/)
snd_w.wav,[w](/wə/)
snd_j.wav,[j](/dʒə/)
snd_v.wav,[v](/vvv/)
snd_y.wav,[y](/jə/)
snd_z.wav,[z](/zzz/)
snd_x.wav,[x](/ks/)
snd_qu.wav,[qu](/kw/)
letter_a.wav,[ay](/ˈA/)
letter_b.wav,bee
letter_c.wav,see
letter_d.wav,dee
letter_e.wav,ee
letter_f.wav,eff
letter_g.wav,jee
letter_h.wav,aitch
letter_i.wav,[eye](/ˈI/)
letter_j.wav,jay
letter_k.wav,kay
letter_l.wav,ell
letter_m.wav,em
letter_n.wav,en
letter_o.wav,[oh](/ˈO/)
letter_p.wav,pee
letter_q.wav,cue
letter_r.wav,are
letter_s.wav,ess
letter_t.wav,tee
letter_u.wav,you
letter_v.wav,vee
letter_w.wav,double you
letter_x.wav,ex
letter_y.wav,why
letter_z.wav,zee
w_sat.wav,sat
w_pat.wav,pat
w_tap.wav,tap
w_sap.wav,sap
w_sit.wav,sit
w_tip.wav,tip
w_pin.wav,pin
w_map.wav,map
w_man.wav,man
w_dad.wav,dad
w_sad.wav,sad
w_sand.wav,sand
w_pan.wav,pan
w_dip.wav,dip
w_dog.wav,dog
w_pig.wav,pig
w_cat.wav,cat
w_cap.wav,cap
w_pot.wav,pot
w_top.wav,top
w_kid.wav,kid
w_tag.wav,tag
w_red.wav,red
w_pen.wav,pen
w_ten.wav,ten
w_men.wav,men
w_run.wav,run
w_sun.wav,sun
w_cup.wav,cup
w_rug.wav,rug
w_sock.wav,sock
w_duck.wav,duck
w_hat.wav,hat
w_hot.wav,hot
w_bag.wav,bag
w_big.wav,big
w_bed.wav,bed
w_bus.wav,bus
w_fan.wav,fan
w_leg.wav,leg
w_hen.wav,hen
w_hug.wav,hug
w_ship.wav,ship
w_fish.wav,fish
w_shop.wav,shop
w_chin.wav,chin
w_chip.wav,chip
w_this.wav,this
w_that.wav,that
w_thin.wav,thin
w_sing.wav,sing
w_ring.wav,ring
w_web.wav,web
w_wet.wav,wet
w_jam.wav,jam
w_jet.wav,jet
w_van.wav,van
w_yes.wav,yes
w_zip.wav,zip
w_box.wav,box
w_six.wav,six
w_quiz.wav,quiz
